FECHA,DETALLE,ENTRADA,SALIDA,SALDO ,ADQ.,PROM.,DEBE,HABER,SALDO,,,,
28/08/2013,Compra Planchas Calamina RAL 3012013C34702,5896.88,,"5,896.88",,22.48,147633.05,,"147,633.05",,,,
19/09/2013,Venta Calamina RAL F- 606,,75.08,"5,821.80",,25.07,,"1,687.82","145,945.23",,,,
24/09/2013,Venta Calamina RAL F-  614,,385.7,"5,436.10",,25.07,,"9,669.02","136,276.21",,,,
30/09/2013,Venta Calamina RAL F-  618,,31.5,"5,404.60",,25.07,,789.67,"135,486.55",,,,
30/09/2013,Venta Calamina RAL F-  620,,86.3,"5,318.30",,25.07,,"2,163.43","133,323.11",,,,
04/10/2013,Venta Calamina RAL F-  626,,41.6,"5,276.70",,25.07,,"1,042.86","132,280.25",,,,
28/10/2013,Venta Calamina RAL F-  671,,15.2,"5,261.50",,25.07,,381.04,"131,899.21",,,,
14/11/2013,Venta Calamina RAL F- 705,,117,"5,144.50",,25.07,,"2,933.04","128,966.17",,,,
18/11/2013,Venta Calamina RAL F-  708,,167.2,"4,977.30",,25.07,,"4,191.49","124,774.67",,,,
20/11/2013,Venta Calamina RAL F-  719,,0.8,"4,976.50",,25.07,,20.05,"124,754.62",,,,
22/11/2013,Venta Calamina RAL F-  726,,5,"4,971.50",,25.07,,125.34,"124,629.27",,,,
20/12/2013,Venta Calamina RAL F-  802,,18,"4,953.50",,25.07,,451.24,"124,178.04",,,,
30/12/2013,Venta Calamina RAL F- 830,,2.7,"4,950.80",,25.07,,67.69,"124,110.35",,,,
06/01/2014,Venta Calamina RAL F- 855,,55,"4,895.80",,25,,"1,375.25","122,417.70",,,,
08/01/2014,Venta Calamina RAL F- 857,,17.8,"4,878.00",,25,,445.08,"121,972.61",,,,
13/01/2014,Venta Calamina RAL F- 880,,90,"4,788.00",,25,,"2,250.42","119,722.20",,,,
16/01/2014,Venta Calamina RAL F- 888,,56.65,"4,731.35",,25,,"1,416.51","118,305.68",,,,
17/01/2014,Venta Calamina RAL F- 891,,129.4,"4,601.95",,25,,"3,235.60","115,070.08",,,,
17/01/2014,Venta Calamina RAL F- 892,,90,"4,511.95",,25,,"2,250.42","112,819.67",,,,
18/01/2013,Venta Calamina RAL F- 897,,68,"4,443.95",,25,,"1,700.32","111,119.35",,,,
20/01/2014,Venta Calamina RAL F- 899,,150,"4,293.95",,25,,"3,750.70","107,368.66",,,,
21/01/2014,Venta Calamina RAL F- 907,,20.4,"4,273.55",,25,,510.09,"106,858.56",,,,
23/01/2014,Venta Calamina RAL F- 909,,6.8,"4,266.75",,25,,170.03,"106,688.53",,,,
25/01/2014,Venta Calamina RAL F- 918,,15,"4,251.75",,25,,375.07,"106,313.46",,,,
28/01/2014,Venta Calamina RAL F- 923,,83.35,"4,168.40",,25,,"2,084.14","104,229.32",,,,
28/01/2014,Venta Calamina RAL F- 925,,39,"4,129.40",,25,,975.18,"103,254.14",,,,
29/01/2014,Venta Calamina RAL F- 928,,26.4,"4,103.00",,25,,660.12,"102,594.02",,,,
29/01/2014,Venta Calamina RAL F- 929,,31.5,"4,071.50",,25,,787.65,"101,806.37",,,,
30/01/2014,Venta Calamina RAL F- 932,,92.3,"3,979.20",,25,,"2,307.93","99,498.45",,,,
30/01/2014,Venta Calamina RAL F- 933,,25.2,"3,954.00",,25,,630.12,"98,868.33",,,,
31/01/2014,Venta Calamina RAL F- 938,,649.45,"3,304.55",,25,,"16,239.26","82,629.07",,,,
01/02/2014,Calamina Ondulada F- 940,,1,"3,303.55",,25,,25,"82,604.06",,,,
03/02/2014,Calamina Ondulada F- 942,,18,"3,285.55",,25,,450.08,"82,153.98",,,,
04/02/2014,Venta Calamina RAL F- 946,,37.57,"3,247.98",,25,,939.42,"81,214.56",,,,
04/02/2014,Calamina Ondulada F- 947,,21.6,"3,226.38",,25,,540.1,"80,674.46",,,,
06/02/2014,Calamina Ondulada F- 952,,67.1,"3,159.28",,25,,"1,677.81","78,996.65",,,,
07/02/2014,Venta Calamina RAL F- 956,,3.6,"3,155.68",,25,,90.02,"78,906.63",,,,
07/02/2014,Calamina Ondulada F- 959,,6.5,"3,149.18",,25,,162.53,"78,744.10",,,,
08/02/2014,Calamina Ondulada F- 961,,66,"3,083.18",,25,,"1,650.31","77,093.79",,,,
12/02/2014,Calamina Ondulada F- 965,,132.5,"2,950.68",,25,,"3,313.11","73,780.68",,,,
12/02/2014,Venta  Calamina RAL F-966,,1,"2,949.68",,25,,25,"73,755.67",,,,
13/02/2014,Venta Calamina RAL F- 968,,61.6,"2,888.08",,25,,"1,540.29","72,215.39",,,,
13/02/2014,Calamina Ondulada F- 970,,3.95,"2,884.13",,25,,98.77,"72,116.62",,,,
20/02/2014,Calamina Ondulada F- 988,,0.9,"2,883.23",,25,,22.5,"72,094.12",,,,
22/02/2014,Venta Calamina RAL F- 990,,6,"2,877.23",,25,,150.03,"71,944.09",,,,
22/02/2014,Calamina Ondulada F- 991,,1,"2,876.23",,25,,25,"71,919.08",,,,
25/02/2014,Venta Calamina RAL F- 993,,85.7,"2,790.53",,25,,"2,142.90","69,776.19",,,,
28/02/2014,Venta Calamina RAL F- 997,,12.5,"2,778.03",,25,,312.56,"69,463.63",,,,
11/03/2014,Venta Calamina RAL F- 1002,,9.75,"2,768.28",,25,,243.8,"69,219.83",,,,
12/03/2014,Venta Calamina RAL F- 1005,,1.6,"2,766.68",,25,,40.01,"69,179.83",,,,
14/03/2014,Venta Calamina RAL F- 1008,,57.2,"2,709.48",,25,,"1,430.27","67,749.56",,,,
15/03/2014,Venta Calamina RAL F- 1011,,53.3,"2,656.18",,25,,"1,332.75","66,416.81",,,,
03/04/2014,Venta Calamina RAL F- 1029,,3,"2,653.18",,25,,75.01,"66,341.80",,,,
08/04/2014,Venta Calamina RAL F- 1038,,20,"2,633.18",,25,,500.09,"65,841.71",,,,
10/04/2014,Venta Calamina RAL F- 1041,,12,"2,621.18",,25,,300.06,"65,541.65",,,,
22/04/2014,Venta Calamina RAL F- 1057,,149.2,"2,471.98",,25,,"3,730.69","61,810.96",,,,
30/04/2014,Venta Calamina RAL F- 1064,,88.4,"2,383.58",,25,,"2,210.41","59,600.55",,,,
06/05/2014,Venta Calamina RAL F- 1067,,120.8,"2,262.78",,25,,"3,020.56","56,579.99",,,,
06/05/2014,Venta Calamina RAL F- 1069,,248.2,"2,014.58",,25,,"6,206.15","50,373.84",,,,
07/05/2014,Venta Calamina RAL F- 1070,,72.8,"1,941.78",,25,,"1,820.34","48,553.50",,,,
19/05/2014,Venta Calamina RAL F- 1088,,9.4,"1,932.38",,25,,235.04,"48,318.46",,,,
29/05/2014,Venta Calamina RAL F- 1101,,80,"1,852.38",,25,,"2,000.37","46,318.09",,,,
30/05/2014,Venta Calamina RAL F- 1105,,23,"1,829.38",,25,,575.11,"45,742.98",,,,
31/05/2014,Venta Calamina RAL F- 1106,,3,"1,826.38",,25,,75.01,"45,667.97",,,,
04/06/2014,Venta Calamina RAL F-1115,,10,"1,816.38",,25,,250.05,"45,417.92",,,,
06/06/2014,Venta Calamina RAL F- 1120,,32,"1,784.38",,25,,800.15,"44,617.77",,,,
09/05/2014,Venta Calamina RAL F- 1122,,9,"1,775.38",,25,,225.04,"44,392.73",,,,
11/06/2014,Venta Calamina RAL F- 1125,,6.75,"1,768.63",,25,,168.78,"44,223.95",,,,
13/06/2014,Venta Calamina RAL F- 1131,,4.65,"1,763.98",,25,,116.27,"44,107.68",,,,
20/06/2014,Venta Calamina RAL F- 1143,,3,"1,760.98",,25,,75.01,"44,032.66",,,,
26/06/2014,Venta Calamina RAL F- 1150,,4.3,"1,756.68",,25,,107.52,"43,925.14",,,,
30/06/2014,Venta Calamina RAL F- 1155,,10.65,"1,746.03",,25,,266.3,"43,658.84",,,,
09/07/2014,Venta Calamina RAL F- 1169,,11,"1,735.03",,25,,275.05,"43,383.79",,,,
16/07/2014,Venta Calamina RAL F- 1182,,4,"1,731.03",,25,,100.02,"43,283.77",,,,
17/07/2014,Venta Calamina RAL F- 1188,,3,"1,728.03",,25,,75.01,"43,208.76",,,,
25/07/2014,Venta Calamina RAL F- 1202,,20,"1,708.03",,25,,500.09,"42,708.67",,,,
30/07/2014,COMPRA DUI 2014301C40629,5167.8,,"6,875.83",25.92,,133959.92,,"176,668.59",,,,
05/08/2014,ANULADO F- 1216,,0,"6,875.83",,25.69,,0,"176,668.59",,,,
08/08/2014,Venta Calamina RAL F- 1223,,8.8,"6,867.03",,25.69,,226.11,"176,442.48",,,,
08/08/2014,Venta Calamina RAL F- 1228,,80,"6,787.03",,25.69,,"2,055.53","174,386.95",,,,
13/08/2014,Venta Calamina RAL F- 1236,,4,"6,783.03",,25.69,,102.78,"174,284.17",,,,
15/08/2014,Venta Calamina RAL F- 1244,,149.8,"6,633.23",,25.69,,"3,848.98","170,435.19",,,,
15/08/2014,Venta Calamina RAL F- 1246,,21.7,"6,611.53",,25.69,,557.56,"169,877.62",,,,
20/08/2014,Venta Calamina RAL F- 1254,,2.7,"6,608.83",,25.69,,69.37,"169,808.25",,,,
21/08/2014,Venta Calamina RAL F- 1265,,63,"6,545.83",,25.69,,"1,618.73","168,189.52",,,,
23/08/2014,Venta Calamina RAL F- 1271,,10,"6,535.83",,25.69,,256.94,"167,932.58",,,,
23/08/2014,Venta Calamina RAL F- 1272,,5.35,"6,530.48",,25.69,,137.46,"167,795.11",,,,
27/08/2014,Venta Calamina RAL F- 1282,,14,"6,516.48",,25.69,,359.72,"167,435.40",,,,
27/08/2014,Venta Calamina RAL F- 1283,,70.25,"6,446.23",,25.69,,"1,805.01","165,630.38",,,,
06/09/2014,Venta Calamina RAL F- 1296,,243.06,"6,203.17",,25.69,,"6,245.22","159,385.16",,,,
06/09/2014,Venta Calamina RAL F- 1297,,11.05,"6,192.12",,25.69,,283.92,"159,101.24",,,,
19/09/2014,Venta Calamina RAL F- 1315,,2,"6,190.12",,25.69,,51.39,"159,049.85",,,,
23/09/2014,Venta Calamina RAL F- 1319,,3,"6,187.12",,25.69,,77.08,"158,972.77",,,,
26/09/2014,Venta Calamina RAL F- 1321,,52.4,"6,134.72",,25.69,,"1,346.37","157,626.40",,,,
02/10/2014,Venta Calamina RAL F- 1330,,3.7,"6,131.02",,25.69,,95.07,"157,531.33",,,,
03/10/2014,Venta Calamina RAL F- 1335,,6.6,"6,124.42",,25.69,,169.58,"157,361.75",,,,
06/10/2014,Venta Calamina RAL F- 1339,,536.56,"5,587.86",,25.69,,"13,786.45","143,575.30",,,,
07/10/2014,Venta Calamina RAL F- 1340,,62.2,"5,525.66",,25.69,,"1,598.18","141,977.12",,,,
09/10/2014,Venta Calamina RAL F- 1346,,17.75,"5,507.91",,25.69,,456.07,"141,521.05",,,,
10/10/2014,Venta Calamina RAL F- 1351,,20,"5,487.91",,25.69,,513.88,"141,007.17",,,,
13/10/2014,Venta Calamina RAL F- 1359,,7,"5,480.91",,25.69,,179.86,"140,827.31",,,,
13/10/2014,Venta Calamina RAL F- 1360,,30,"5,450.91",,25.69,,770.82,"140,056.48",,,,
15/10/2014,Venta Calamina RAL F- 1370,,67.9,"5,383.01",,25.69,,"1,744.63","138,311.85",,,,
07/11/2014,Venta Calamina RAL F- 1411,,39,"5,344.01",,25.69,,"1,002.07","137,309.78",,,,
20/11/2014,Venta Calamina RAL F- 1432,,52.5,"5,291.51",,25.69,,"1,348.94","135,960.84",,,,
22/11/2014,Venta Calamina RAL F- 1439,,2.25,"5,289.26",,25.69,,57.81,"135,903.02",,,,
22/11/2014,Venta Calamina RAL F- 1440,,83.5,"5,205.76",,25.69,,"2,145.46","133,757.56",,,,
27/11/2014,Venta Calamina RAL F- 1447,,63.8,"5,141.96",,25.69,,"1,639.29","132,118.28",,,,
27/12/2014,Venta Calamina RAL F- 1509,,14.14,"5,127.82",,25.69,,363.32,"131,754.96",,,,
31/12/2014,Venta Calamina RAL F- 1513,,5.18,"5,122.64",,25.69,,133.1,"131,621.87",,,,
31/12/2014,Venta Calamina RAL F- 1514,,24.64,"5,098.00",,25.69,,633.1,"130,988.76",,,,
02/01/2015,Venta Calamina RAL F- 1516,,14.5,5083.5,,25.86,,374.98,131462.21,,,,
03/01/2015,Venta Calamina RAL F- 1520,,4.15,5079.35,,25.86,,107.32,131354.89,,,,
06/01/2015,Venta Calamina RAL F- 1531,,56,5023.35,,25.86,,1448.19,129906.7,,,,
08/01/2015,Venta Calamina RAL F- 1537,,23.6,4999.75,,25.86,,610.31,129296.39,,,,
10/01/2015,Venta Calamina RAL F- 1544,,203.2,4796.55,,25.86,,5254.87,124041.52,,,,
10/01/2015,Venta Calamina RAL F- 1549,,20.8,4775.75,,25.86,,537.9,123503.62,,,,
16/01/2015,Venta Calamina RAL F- 1555,,4.8,4770.95,,25.86,,124.13,123379.49,,,,
21/01/2015,Venta Calamina RAL F- 1557,,25,4745.95,,25.86,,646.51,122732.98,,,,
23/01/2015,Venta Calamina RAL F- 1558,,140.4,4605.55,,25.86,,3630.82,119102.15,,,,
30/01/2015,Venta Calamina RAL F- 1563,,40,4565.55,,25.86,,1034.42,118067.73,,,,
31/01/2015,Venta Calamina RAL F- 1564,,2.3,4563.25,,25.86,,59.48,118008.25,,,,
12/02/2015,Venta Calamina RAL F- 1581,,9,4554.25,,25.86,,232.75,117775.5,,,,
12/02/2015,Venta Calamina RAL F- 1583,,58.5,4495.75,,25.86,,1512.84,116262.66,,,,
26/03/2015,Venta Calamina RAL F- 1636,,99.09,4396.66,,25.86,,2562.52,113700.14,,,,
12/05/2015,Venta Calamina RAL F- 1698,,99,4297.66,,25.86,,2560.2,111139.94,,,,
01/06/2015,Venta Calamina RAL F- 1715,,65.3,4232.36,,25.86,,1688.7,109451.25,,,,
08/06/2015,Venta Calamina RAL F- 1722,,94,4138.36,,25.86,,2430.89,107020.35,,,,
08/06/2015,Venta Calamina RAL F- 1723,,2,4136.36,,25.86,,51.72,106968.63,,,,
10/06/2015,Venta Calamina RAL F- 1727,,20.7,4115.66,,25.86,,535.31,106433.32,,,,
12/06/2015,Venta Calamina RAL F- 1735,,120,3995.66,,25.86,,3103.27,103330.05,,,,
13/06/2015,Venta Calamina RAL F- 1736,,62.4,3933.26,,25.86,,1613.7,101716.35,,,,
18/06/2015,Venta Calamina RAL F- 1747,,29,3904.26,,25.86,,749.96,100966.39,,,,
19/06/2015,Venta Calamina RAL F- 1748,,62,3842.26,,25.86,,1603.36,99363.04,,,,
23/06/2015,Venta Calamina RAL F- 1757,,11.7,3830.56,,25.86,,302.57,99060.47,,,,
24/06/2015,Venta Calamina RAL F- 1758,,0,3830.56,,25.86,,0,99060.47,,,,
13/07/2015,Venta Calamina RAL F- 1805,,8,3822.56,,25.86,,206.88,98853.58,,,,
27/07/2015,Venta Calamina RAL F- 1842,,35.7,3786.86,,25.86,,923.22,97930.36,,,,
27/07/2015,Venta Calamina RAL F- 1845,,22.5,3764.36,,25.86,,581.86,97348.5,,,,
31/07/2015,Venta Calamina RAL F- 1857,,114,3650.36,,25.86,,2948.11,94400.39,,,,
05/08/2015,Venta Calamina RAL F- 1869,,42,3608.36,,25.86,,1086.14,93314.25,,,,
14/08/2015,Venta Calamina RAL F- 1887,,153,3455.36,,25.86,,3956.67,89357.58,,,,
18/08/2015,Venta Calamina RAL F- 1898,,67.3,3388.06,,25.86,,1740.42,87617.17,,,,
20/08/2015,Venta Calamina RAL F- 1905,,41.1,3346.96,,25.86,,1062.87,86554.3,,,,
03/09/2015,Venta Calamina RAL F- 1947,,0.73,3346.23,,25.86,,18.88,86535.42,,,,
05/09/2015,Venta Calamina RAL F- 1956,,116.2,3230.03,,25.86,,3005,83530.42,,,,
05/09/2015,Venta Calamina RAL F- 1958,,12,3218.03,,25.86,,310.33,83220.09,,,,
08/09/2015,Venta Calamina RAL F- 1968,,85.8,3132.23,,25.86,,2218.84,81001.26,,,,
08/09/2015,Venta Calamina RAL F- 1973,,28.75,3103.48,,25.86,,743.49,80257.76,,,,
09/09/2015,Venta Calamina RAL F- 1974,,90,3013.48,,25.86,,2327.45,77930.31,,,,
17/09/2015,Venta Calamina RAL F- 1993,,25.2,2988.28,,25.86,,651.69,77278.63,,,,
23/09/2015,Venta Calamina RAL F- 2013,,150,2838.28,,25.86,,3879.09,73399.54,,,,
23/09/2015,Venta Calamina RAL F- 2015,,59.5,2778.78,,25.86,,1538.7,71860.84,,,,
02/10/2015,Venta Calamina RAL F- 2041,,54.75,2724.03,,25.86,,1415.87,70444.97,,,,
06/10/2015,Venta Calamina RAL F- 2050,,25,2699.03,,25.86,,646.51,69798.46,,,,
08/10/2015,Venta Calamina RAL F- 2056,,5,2694.03,,25.86,,129.3,69669.15,,,,
09/10/2015,Venta Calamina RAL F- 2060,,71.7,2622.33,,25.86,,1854.2,67814.95,,,,
10/10/2015,Venta Calamina RAL F- 2066,,110.6,2511.73,,25.86,,2860.18,64954.77,,,,
12/10/2015,Venta Calamina RAL F- 2071,,26,2485.73,,25.86,,672.37,64282.4,,,,
13/10/2015,Venta Calamina RAL F- 2073,,5,2480.73,,25.86,,129.3,64153.09,,,,
14/10/2015,Venta Calamina RAL F- 2078,,10,2470.73,,25.86,,258.61,63894.49,,,,
16/10/2015,Venta Calamina RAL F- 2081,,15,2455.73,,25.86,,387.91,63506.58,,,,
21/10/2015,Venta Calamina RAL F- 2097,,72.8,2382.93,,25.86,,1882.65,61623.93,,,,
23/10/2015,Venta Calamina RAL F- 2103,,19.55,2363.38,,25.86,,505.57,61118.36,,,,
31/10/2015,Venta Calamina RAL F- 2129,,32.2,2331.18,,25.86,,832.71,60285.65,,,,
14/11/2015,Venta Calamina RAL F- 2168,,5.4,2325.78,,25.86,,139.65,60146,,,,
16/11/2015,Venta Calamina RAL F- 2173,,32,2293.78,,25.86,,827.54,59318.46,,,,
17/11/2015,Venta Calamina RAL F- 2176,,4,2289.78,,25.86,,103.44,59215.02,,,,
17/11/2015,Venta Calamina RAL F- 2177,,2.5,2287.28,,25.86,,64.65,59150.37,,,,
20/11/2015,Venta Calamina RAL F- 2188,,146.7,2140.58,,25.86,,3793.75,55356.62,,,,
20/11/2015,Venta Calamina RAL F- 2189,,3.08,2137.5,,25.86,,79.65,55276.97,,,,
23/11/2015,Venta Calamina RAL F- 2197,,6.3,2131.2,,25.86,,162.92,55114.05,,,,
24/11/2015,Venta Calamina RAL F- 2201,,9.74,2121.46,,25.86,,251.88,54862.17,,,,
25/11/2015,Venta Calamina RAL F- 2205,,4,2117.46,,25.86,,103.44,54758.72,,,,
26/11/2015,Venta Calamina RAL F- 2206,,30,2087.46,,25.86,,775.82,53982.91,,,,
09/12/2015,Venta Calamina RAL F- 2229,,159.8,1927.66,,25.86,,4132.52,49850.39,,,,
09/12/2015,Venta Calamina RAL F- 2230,,10.6,1917.06,,25.86,,274.12,49576.27,,,,
15/12/2015,Venta Calamina RAL F- 2241,,8.5,1908.56,,25.86,,219.81,49356.45,,,,
18/12/2015,Venta Calamina RAL F- 2248,,140.76,1767.8,,25.86,,3640.13,45716.32,,,,
22/12/2015,Venta Calamina RAL F- 2256,,54,1713.8,,25.86,,1396.47,44319.85,,,,
22/12/2015,Venta Calamina RAL F- 2257,,17.25,1696.55,,25.86,,446.09,43873.75,,,,
26/12/2015,Venta Calamina RAL F- 2269,,121,1575.55,,25.86,,3129.13,40744.62,,,,
08/01/2016,Venta Calamina RAL F- 2304,,20.8,1554.75,,25.86,,537.9,40206.72,,,,
15/01/2016,Venta Calamina RAL F- 2326,,6.6,1548.15,,25.86,,170.68,40036.04,,,,
16/01/2016,Venta Calamina RAL F-2329,,152,1396.15,,25.86,,3930.81,36105.24,,,,
20/01/2016,Venta Calamina RAL F-2337,,251,1145.15,,25.86,,6491,29614.23,,,,
20/01/2016,Venta Calamina RAL F-2338,,7,1138.15,,25.86,,181.02,29433.21,,,,
29/01/2016,Venta Calamina RAL F-07,,29.5,1108.65,,25.86,,762.89,28670.32,,,,
03/02/2016,Venta Calamina RAL F- 17,,12,1096.65,,25.86,,310.33,28359.99,,,,
20/02/2016,Venta Calamina RAL F- 48,,38,1058.65,,25.86,,982.7,27377.29,,,,
23/02/2016,Venta Calamina RAL F-56,,1.2,1057.45,,25.86,,31.03,27346.26,,,,
16/03/2016,Venta Calamina RAL F-102,,30.8,1026.65,,25.86,,796.51,26549.76,,,,
31/03/2016,Venta Calamina RAL F-132,,6.8,1019.85,,25.86,,175.85,26373.9,,,,
06/04/2016,Venta Calamina RAL F-144,,7,1012.85,,25.86,,181.02,26192.88,,,,
06/04/2016,Venta Calamina RAL F-148,,6,1006.85,,25.86,,155.16,26037.72,,,,
07/04/2016,ANULADA F- 150,,0,1006.85,,25.86,,0,26037.72,,,,
07/04/2016,Venta Calamina RAL F-151,,25,981.85,,25.86,,646.51,25391.2,,,,
23/04/2016,ANULADA F- 181,,0,981.85,,25.86,,0,25391.2,,,,
23/04/2016,Venta Calamina RAL F- 182,,86.1,895.75,,25.86,,2226.6,23164.61,,,,
25/04/2016,Venta Calamina RAL F- 183,,124,771.75,,25.86,,3206.71,19957.9,,,,
26/04/2016,Venta Calamina RAL F- 184,,119.75,652,,25.86,,3096.8,16861.09,,,,
05/05/2016,Venta Calamina RAL F- 197,,14,638,,25.86,,362.05,16499.04,,,,
06/05/2016,Venta Calamina RAL F- 199,,384,254,,25.86,,9930.46,6568.58,,,,
10/05/2016,Venta Calamina RAL F- 203,,21.5,232.5,,25.86,,556,6012.58,,,,
10/05/2016,Venta Calamina RAL F-204,,15.5,217,,25.86,,400.84,5611.74,,,,
19/05/2016,Venta Calamina RAL F-229,,84.75,132.25,,25.86,,2191.68,3420.06,,,,
19/05/2016,Venta Calamina RAL F-230,,15,117.25,,25.86,,387.91,3032.15,,,,
21/05/2016,Venta Calamina RAL F-234,,1.27,115.98,,25.86,,32.84,2999.31,,,,
23/05/2016,Venta Calamina RAL F-238,,2,113.98,,25.86,,51.72,2947.59,,,,
25/05/2016,Venta Calamina RAL F-244,,17.5,96.48,,25.86,,452.56,2495.03,,,,
25/05/2016,Venta Calamina RAL F-246,,38.7,57.78,,25.86,,1000.8,1494.22,,,,
03/06/2016,Venta Calamina RAL F-261,,5,52.78,,25.86,,129.3,1364.92,,,,
13/06/2016,Venta Calamina RAL F-285,,1.72,51.06,,25.86,,44.48,1320.44,,,,
30/06/2016,Venta Calamina RAL F-300,,1.25,49.81,,25.86,,32.33,1288.12,,,,
07/07/2016,Venta Calamina RAL F-310,,6,43.81,,25.86,,155.16,1132.95,,,,
08/12/2016,Venta Calamina RAL F-618,,4,39.81,,25.86,,103.44,1029.51,,,,
31/12/2016,Venta Calamina RAL F-655,,39.81,0,,25.86,,1029.51,0,,,,
24/06/2017,Compra bobinas para calamina DUI C-10362,"6,750.24",,"6,750.24",26.5,,178904.32,,"178,904.32",,,,
09/11/2017,Venta Calamina 0.35mm  RAL #28  F- 1112,,189.4,"6,560.84",,26.5,,"5,019.74","173,884.58",,,,
09/11/2017,Venta Calamina  0.35mm RAL #28 F- 1113,,10.2,"6,550.64",,26.5,,270.33,"173,614.24",,,,
11/11/2017,Venta Calamina  0.35mm RAL #28 F- 1114,,90,"6,460.64",,26.5,,"2,385.31","171,228.93",,,,
16/11/2017,Venta Calamina  0.35mm RAL #28 F- 1124,,84.6,"6,376.04",,26.5,,"2,242.19","168,986.75",,,,
20/11/2017,Venta Calamina  0.35mm RAL #28 F- 1128,,61.2,"6,314.84",,26.5,,"1,622.01","167,364.74",,,,
22/11/2017,Venta Calamina  0.35mm RAL #28 F- 1131,,11.15,"6,303.69",,26.5,,295.51,"167,069.23",,,,
22/11/2017,Venta Calamina  0.35mm RAL #28 F- 1132,,32.9,"6,270.79",,26.5,,871.96,"166,197.26",,,,
30/11/2017,Venta Calamina  0.35mm RAL #28 F- 1141,,762.22,"5,508.57",,26.5,,"20,201.42","145,995.84",,,,
01/12/2017,Venta Calamina  0.35mm RAL #28 F- 1146,,13.8,"5,494.77",,26.5,,365.75,"145,630.09",,,,
09/12/2017,Venta Calamina  0.35mm RAL #28 F- 1156,,35,"5,459.77",,26.5,,927.62,"144,702.48",,,,
13/12/2017,Venta Calamina  0.35mm RAL #28 F- 1166,,7.2,"5,452.57",,26.5,,190.82,"144,511.65",,,,
21/12/2017,Venta Calamina  0.35mm RAL #28 F- 1180,,8,"5,444.57",,26.5,,212.03,"144,299.62",,,,
30/12/2017,Venta Calamina  0.35mm RAL #28 F- 1194,,215.6,"5,228.97",,26.5,,"5,714.13","138,585.49",,,,
04/01/2018,Venta Calamina  0.35*1000mm RAL2009 F- 1199,,8.4,"5,220.57",,26.5,,222.63,"138,362.86",,,,
06/01/2018,Venta Calamina  0.35*1000mm RAL2009 F- 1205,,168.3,"5,052.27",,26.5,,"4,460.52","133,902.34",,,,
10/01/2018,Venta Calamina  0.35*1000mm RAL2009 F- 1210,,11.3,"5,040.97",,26.5,,299.49,"133,602.85",,,,
18/01/2018,Venta Calamina  0.35*1000mm RAL2009 F- 1222,,27,"5,013.97",,26.5,,715.59,"132,887.26",,,,
31/01/2018,Venta Calamina  0.35*1000mm RAL2009 F- 1242,,53,"4,960.97",,26.5,,"1,404.68","131,482.58",,,,
01/02/2018,ANULADA F- 1243,,0,"4,960.97",,26.5,,0,"131,482.58",,,,
16/02/2018,Venta Calamina  0.35*1000mm RAL2009 F- 1274,,1,"4,959.97",,26.5,,26.5,"131,456.08",,,,
16/02/2018,Venta Calamina  0.35*1000mm RAL2009 F- 1276,,83.9,"4,876.07",,26.5,,"2,223.64","129,232.44",,,,
17/02/2018,Venta Calamina  0.35*1000mm RAL2009 F- 1281,,146.88,"4,729.19",,26.5,,"3,892.82","125,339.62",,,,
19/02/2018,Venta Calamina  0.35*1000mm RAL2009 F- 1283,,5.2,"4,723.99",,26.5,,137.82,"125,201.80",,,,
27/02/2018,Venta Calamina  0.35*1000mm RAL2009 F- 1298,,20.3,"4,703.69",,26.5,,538.02,"124,663.78",,,,
27/02/2018,Venta Calamina  0.35*1000mm RAL2009 F- 1300,,60,"4,643.69",,26.5,,"1,590.20","123,073.58",,,,
28/02/2018,Venta Calamina  0.35*1000mm RAL2009 F- 1302,,4.8,"4,638.89",,26.5,,127.22,"122,946.36",,,,
03/03/2018,Venta Calamina  0.35*1000mm RAL2009 F- 1308,,41.6,"4,597.29",,26.5,,"1,102.54","121,843.82",,,,
03/03/2018,Venta Calamina  0.35*1000mm RAL2009 F- 1312,,22.4,"4,574.89",,26.5,,593.68,"121,250.15",,,,
05/03/2018,Venta Calamina  0.35*1000mm RAL2009 F- 1315,,14.8,"4,560.09",,26.5,,392.25,"120,857.89",,,,
14/03/2018,Venta Calamina  0.35*1000mm RAL2009 F- 1340,,84,"4,476.09",,26.5,,"2,226.29","118,631.61",,,,
14/03/2018,Venta Calamina  0.35*1000mm RAL2009 F- 1342,,195.6,"4,280.49",,26.5,,"5,184.07","113,447.54",,,,
19/03/2018,Venta Calamina  0.35*1000mm RAL2009 F- 1349,,81.45,"4,199.04",,26.5,,"2,158.70","111,288.84",,,,
20/03/2018,Venta Calamina  0.35*1000mm RAL2009 F- 1353,,16,"4,183.04",,26.5,,424.05,"110,864.79",,,,
23/03/2018,Venta Calamina  0.35*1000mm RAL2009 F- 1357,,57.2,"4,125.84",,26.5,,"1,515.99","109,348.79",,,,
26/03/2018,ANULADA F- 1358,,0,"4,125.84",,26.5,,0,"109,348.79",,,,
26/03/2018,Venta Calamina  0.35*1000mm RAL2009 F- 1359,,3.25,"4,122.59",,26.5,,86.14,"109,262.66",,,,
28/03/2018,Venta Calamina  0.35*1000mm RAL2009 F- 1361,,14,"4,108.59",,26.5,,371.05,"108,891.61",,,,
05/04/2018,Venta Calamina  0.35*1000mm RAL2009 F-1373,,60,"4,048.59",,26.5,,"1,590.20","107,301.41",,,,
07/04/2018,Venta Calamina  0.35*1000mm RAL2009 F- 1378,,14.08,"4,034.51",,26.5,,373.17,"106,928.24",,,,
07/04/2018,Venta Calamina  0.35*1000mm RAL2009 F- 1379,,1.5,"4,033.01",,26.5,,39.76,"106,888.48",,,,
10/04/2018,Venta Calamina  0.35*1000mm RAL2009 F- 1386,,276.46,"3,756.55",,26.5,,"7,327.13","99,561.35",,,,
13/04/2018,ANULADA F- 1392,,0,"3,756.55",,26.5,,0,"99,561.35",,,,
13/04/2018,Compra Bobinas de acero N°280.35*1000mmRAL2009 C-6646,7099.49,,"10,856.04",24.41,,173293.65,,"272,855.00",,,,
19/04/2018,Venta Calamina  0.35*1000mm RAL2009 F-1421 ,,17,"10,839.04",,25.13,,427.28,"272,427.73",,,,
24/04/2018,Venta Calamina  0.35*1000mm RAL2009 F- 1425,,24.5,"10,814.54",,25.13,,615.78,"271,811.94",,,,
24/04/2018,Venta Calamina  0.35*1000mm RAL2009 F- 1429,,33.39,"10,781.15",,25.13,,839.22,"270,972.72",,,,
02/05/2018,Venta Calamina  0.35*1000mm RAL2009 F- 1444,,130.34,"10,650.81",,25.13,,"3,275.96","267,696.76",,,,
03/05/2018,Venta Calamina  0.35*1000mm RAL2009 F- 1446,,76.5,"10,574.31",,25.13,,"1,922.75","265,774.02",,,,
05/05/2018,Venta Calamina  0.35*1000mm RAL2009 F- 1450,,5.3,"10,569.01",,25.13,,133.21,"265,640.81",,,,
07/05/2018,Venta Calamina  0.35*1000mm RAL2009 F- 1451,,2.6,"10,566.41",,25.13,,65.35,"265,575.46",,,,
09/05/2018,Venta Calamina  0.35*1000mm RAL2009 F- 1452,,192.8,"10,373.61",,25.13,,"4,845.82","260,729.64",,,,
12/05/2018,Venta Calamina  0.35*1000mm RAL2009 F- 1455,,46,"10,327.61",,25.13,,"1,156.16","259,573.48",,,,
19/05/2018,Venta Calamina  0.35*1000mm RAL2009 F- 1461,,20,"10,307.61",,25.13,,502.68,"259,070.80",,,,
23/05/2018,Venta Calamina  0.35*1000mm RAL2009 F- 1464,,39,"10,268.61",,25.13,,980.22,"258,090.57",,,,
29/05/2018,Venta Calamina  0.35*1000mm RAL2009 F- 1469,,6,"10,262.61",,25.13,,150.8,"257,939.77",,,,
30/05/2018,Venta Calamina  0.35*1000mm RAL2009 F- 1471,,56.4,"10,206.21",,25.13,,"1,417.55","256,522.22",,,,
30/05/2018,Venta Calamina  0.35*1000mm RAL2009 F- 1472,,60.5,"10,145.71",,25.13,,"1,520.60","255,001.61",,,,
01/06/2018,Venta Calamina  0.35*1000mm RAL2009 F- 1475,,22.9,"10,122.81",,25.13,,575.57,"254,426.05",,,,
04/06/2018,Venta Calamina  0.35*1000mm RAL2009 F- 1480,,5.5,"10,117.31",,25.13,,138.24,"254,287.81",,,,
18/06/2018,Venta Calamina  0.35*1000mm RAL2009 F- 1495,,83.4,"10,033.91",,25.13,,"2,096.17","252,191.64",,,,
23/06/2018,Venta Calamina  0.35*1000mm RAL2009 F- 1502,,11,"10,022.91",,25.13,,276.47,"251,915.17",,,,
25/06/2018,Venta Calamina  0.35*1000mm RAL2009 F- 1505,,13.4,"10,009.51",,25.13,,336.79,"251,578.37",,,,
28/06/2018,Venta Calamina  0.35*1000mm RAL2009 F- 1509,,40,"9,969.51",,25.13,,"1,005.36","250,573.01",,,,
03/07/2018,Venta Calamina  0.35*1000mm RAL2009 F- 1512,,8.8,"9,960.71",,25.13,,221.18,"250,351.84",,,,
05/07/2018,Venta Calamina  0.35*1000mm RAL2009 F- 1516,,40,"9,920.71",,25.13,,"1,005.36","249,346.48",,,,
10/07/2018,Venta Calamina  0.35*1000mm RAL2009 F- 1526,,12.8,"9,907.91",,25.13,,321.71,"249,024.76",,,,
14/07/2018,Venta Calamina  0.35*1000mm RAL2009 F- 1535,,26,"9,881.91",,25.13,,653.48,"248,371.28",,,,
18/07/2018,Venta Calamina  0.35*1000mm RAL2009 F- 1539,,57,"9,824.91",,25.13,,"1,432.63","246,938.65",,,,
20/07/2018,Venta Calamina  0.35*1000mm RAL2009 F- 1543,,272,"9,552.91",,25.13,,"6,836.43","240,102.22",,,,
21/07/2018,Venta Calamina  0.35*1000mm RAL2009 F-1546 ,,21,"9,531.91",,25.13,,527.81,"239,574.40",,,,
28/07/2018,Venta Calamina  0.35*1000mm RAL2009 F- 1556,,79.8,"9,452.11",,25.13,,"2,005.69","237,568.72",,,,
28/07/2018,Venta Calamina  0.35*1000mm RAL2009 F- 1557,,11.6,"9,440.51",,25.13,,291.55,"237,277.16",,,,
07/08/2018,Venta Calamina  0.35*1000mm RAL2009 F- 1564,,32,"9,408.51",,25.13,,804.29,"236,472.88",,,,
09/08/2018,Venta Calamina  0.35*1000mm RAL2009 F- 1567,,131,"9,277.51",,25.13,,"3,292.55","233,180.33",,,,
18/08/2018,Venta Calamina  0.35*1000mm RAL2009 F-1578 ,,100.05,"9,177.46",,25.13,,"2,514.65","230,665.68",,,,
18/08/2018,Venta Calamina  0.35*1000mm RAL2009 F- 1579,,41.3,"9,136.16",,25.13,,"1,038.03","229,627.65",,,,
18/08/2018,Venta Calamina  0.35*1000mm RAL2009 F- 1580,,36.4,"9,099.76",,25.13,,914.88,"228,712.77",,,,
18/08/2018,Venta Calamina  0.35*1000mm RAL2009 F- 1582,,36.4,"9,063.36",,25.13,,914.88,"227,797.90",,,,
22/08/2018,Venta Calamina  0.35*1000mm RAL2009 F- 1587,,49.8,"9,013.56",,25.13,,"1,251.67","226,546.23",,,,
22/08/2018,Venta Calamina  0.35*1000mm RAL2009 F- 1588,,60,"8,953.56",,25.13,,"1,508.04","225,038.19",,,,
23/08/2018,ANULADA F- 1589,,0,"8,953.56",,25.13,,0,"225,038.19",,,,
23/08/2018,Venta Calamina  0.35*1000mm RAL2009 F- 1592,,8,"8,945.56",,25.13,,201.07,"224,837.12",,,,
24/08/2018,Venta Calamina  0.35*1000mm RAL2009 F- 1594,,31.5,"8,914.06",,25.13,,791.72,"224,045.40",,,,
29/08/2018,Venta Calamina  0.35*1000mm RAL2009 F- 1603,,3.9,"8,910.16",,25.13,,98.02,"223,947.38",,,,
30/08/2018,Venta Calamina  0.35*1000mm RAL2009 F- 1605,,58.3,"8,851.86",,25.13,,"1,465.31","222,482.07",,,,
31/08/2018,Venta Calamina  0.35*1000mm RAL2009 F- 1606,,504.5,"8,347.36",,25.13,,"12,680.07","209,802.00",,,,
31/08/2018,Venta Calamina  0.35*1000mm RAL2009 F- 1607,,15.33,"8,332.03",,25.13,,385.3,"209,416.70",,,,
01/09/2018,Venta Calamina  0.35*1000mm RAL2009 F- 1612,,17.96,"8,314.07",,25.13,,451.41,"208,965.29",,,,
04/09/2018,Venta Calamina  0.35*1000mm RAL2009 F- 1616,,17,"8,297.07",,25.13,,427.28,"208,538.02",,,,
04/09/2018,Venta Calamina  0.35*1000mm RAL2009 F- 1618,,95.9,"8,201.17",,25.13,,"2,410.34","206,127.67",,,,
17/09/2018,Venta Calamina  0.35*1000mm RAL2009 F- 1637,,91.6,"8,109.57",,25.13,,"2,302.27","203,825.40",,,,
19/09/2018,ANULADA  F- 1638,,0,"8,109.57",,25.13,,0,"203,825.40",,,,
19/09/2018,Venta Calamina  0.35*1000mm RAL2009 F- 1639,,117.37,"7,992.20",,25.13,,"2,949.97","200,875.43",,,,
26/09/2018,Venta Calamina  0.35*1000mm RAL2009 F- 1651,,121.9,"7,870.30",,25.13,,"3,063.83","197,811.61",,,,
09/10/2018,Venta Calamina  0.35*1000mm RAL2009 F- 1674,,80,"7,790.30",,25.13,,"2,010.71","195,800.89",,,,
10/10/2018,Venta Calamina  0.35*1000mm RAL2009 F- 1676,,35.45,"7,754.85",,25.13,,891,"194,909.89",,,,
10/10/2018,Venta Calamina  0.35*1000mm RAL2009 F- 1677,,101.15,"7,653.70",,25.13,,"2,542.30","192,367.60",,,,
12/10/2018,Venta Calamina  0.35*1000mm RAL2009 F- 1686,,59.5,"7,594.20",,25.13,,"1,495.47","190,872.13",,,,
15/10/2018,Venta Calamina  0.35*1000mm RAL2009 F- 1689,,21.9,"7,572.30",,25.13,,550.43,"190,321.69",,,,
15/10/2018,Venta Calamina  0.35*1000mm RAL2009 F- 1691,,118.45,"7,453.85",,25.13,,"2,977.11","187,344.58",,,,
19/10/2018,ANULADA F-1702 ,,0,"7,453.85",,25.13,,0,"187,344.58",,,,
19/10/2018,Venta Calamina  0.35*1000mm RAL2009 F- 1703,,29.4,"7,424.45",,25.13,,738.94,"186,605.64",,,,
19/10/2018,Venta Calamina  0.35*1000mm RAL2009 F- 1705,,181.35,"7,243.10",,25.13,,"4,558.04","182,047.60",,,,
27/10/2018,Venta Calamina  0.35*1000mm RAL2009 F- 1718,,3.6,"7,239.50",,25.13,,90.48,"181,957.12",,,,
27/10/2018,Venta Calamina  0.35*1000mm RAL2009 F- 1719,,2,"7,237.50",,25.13,,50.27,"181,906.85",,,,
27/10/2018,Venta Calamina  0.35*1000mm RAL2009 F- 1720,,11.5,"7,226.00",,25.13,,289.04,"181,617.81",,,,
07/11/2018,Venta Calamina  0.35*1000mm RAL2009 F- 1746,,9,"7,217.00",,25.13,,226.21,"181,391.61",,,,
09/11/2018,Venta Calamina  0.35*1000mm RAL2009 F- 1755,,57.2,"7,159.80",,25.13,,"1,437.66","179,953.95",,,,
12/11/2018, Venta Calamina  0.35*1000mm RAL2009F- 1765,,171.82,"6,987.98",,25.13,,"4,318.51","175,635.43",,,,
16/11/2018,Venta Calamina  0.35*1000mm RAL2009 F- 1771,,140,"6,847.98",,25.13,,"3,518.75","172,116.68",,,,
19/11/2018,Venta Calamina  0.35*1000mm RAL2009 F- 1775,,66.5,"6,781.48",,25.13,,"1,671.41","170,445.28",,,,
19/11/2018,Venta Calamina  0.35*1000mm RAL2009 F- 1776,,31.2,"6,750.28",,25.13,,784.18,"169,661.10",,,,
24/11/2018,Venta Calamina  0.35*1000mm RAL2009 F- 1789,,63,"6,687.28",,25.13,,"1,583.44","168,077.66",,,,
24/11/2018,Venta Calamina  0.35*1000mm RAL2009 F-1790 ,,22,"6,665.28",,25.13,,552.95,"167,524.71",,,,
27/11/2018,Venta Calamina  0.35*1000mm RAL2009 F- 1792,,50,"6,615.28",,25.13,,"1,256.70","166,268.02",,,,
01/12/2018,Venta Calamina  0.35*1000mm RAL2009 F- 1796,,90,"6,525.28",,25.13,,"2,262.05","164,005.96",,,,
11/12/2018,Venta Calamina  0.35*1000mm RAL2009 F- 1816,,54.7,"6,470.58",,25.13,,"1,374.83","162,631.14",,,,
12/12/2018,Venta Calamina  0.35*1000mm RAL2009 F- 1825,,66,"6,404.58",,25.13,,"1,658.84","160,972.30",,,,
12/12/2018,Venta Calamina  0.35*1000mm RAL2009 F- 1826,,12,"6,392.58",,25.13,,301.61,"160,670.69",,,,
14/12/2018,Venta Calamina  0.35*1000mm RAL2009 F- 1830,,115,"6,277.58",,25.13,,"2,890.40","157,780.29",,,,
18/12/2018,Venta Calamina  0.35*1000mm RAL2009 F- 1841,,30,"6,247.58",,25.13,,754.02,"157,026.27",,,,
05/01/2019,Venta Calamina  0.35*1000mm RAL2009 F- 1865,,3,6244.58,,24.40930968,,73.22792905,152425.8871,,,,
12/01/2019,Venta Calamina  0.35*1000mm RAL2009 F- 1884,,12.6,6231.98,,24.40930968,,307.557302,152118.3298,,,,
15/01/2019,Venta Calamina  0.35*1000mm RAL2009 F- 1893,,48,6183.98,,24.40930968,,1171.646865,150946.6829,,,,
15/01/2019,Venta Calamina  0.35*1000mm RAL2009 F- 1894,,47,6136.98,,24.40930968,,1147.237555,149799.4453,,,,
16/01/2019,ANULADA F- 1897,,0,6136.98,,24.40930968,,0,149799.4453,,,,
16/01/2019,Venta Calamina  0.35*1000mm RAL2009 F- 1898,,102.8,6034.18,,24.40930968,,2509.277035,147290.1683,,,,
17/01/2019,Venta Calamina  0.35*1000mm RAL2009 F- 1905,,6.4,6027.78,,24.40930968,,156.219582,147133.9487,,,,
23/01/2019,Venta Calamina  0.35*1000mm RAL2009 F- 1934,,18.85,6008.93,,24.40930968,,460.1154875,146673.8332,,,,
31/01/2019,Venta Calamina  0.35*1000mm RAL2009 F- 2004,,13.2,5995.73,,24.40930968,,322.2028878,146351.6303,,,,
06/02/2019,Venta Calamina  0.35*1000mm RAL2009 F- 2025,,64.8,5930.93,,24.40930968,,1581.723267,144769.9071,,,,
08/03/2019,Venta Calamina  0.35*1000mm RAL2009 F- 2084,,45,5885.93,,24.40930968,,1098.418936,143671.4881,,,,
18/03/2019,Venta Calamina  0.35*1000mm RAL2009 F- 2100,,76.02,5809.91,,24.40930968,,1855.595722,141815.8924,,,,
18/03/2019,Venta Calamina  0.35*1000mm RAL2009 F- 2101,,17.57,5792.34,,24.40930968,,428.8715711,141387.0208,,,,
21/03/2019,Venta Calamina  0.35*1000mm RAL2009 F- 2105,,5,5787.34,,24.40930968,,122.0465484,141264.9743,,,,
23/03/2019,Venta Calamina  0.35*1000mm RAL2009 F- 2107,,4.8,5782.54,,24.40930968,,117.1646865,141147.8096,,,,
23/03/2019,Venta Calamina  0.35*1000mm RAL2009 F- 2111,,1,5781.54,,24.40930968,,24.40930968,141123.4003,,,,
25/03/2019,Venta Calamina  0.35*1000mm RAL2009 F- 2113,,84,5697.54,,24.40930968,,2050.382013,139073.0183,,,,
01/04/2019,Venta Calamina  0.35*1000mm RAL2009 F- 2125,,147.65,5549.89,,24.40930968,,3604.034575,135468.9837,,,,
01/04/2019,Venta Calamina  0.35*1000mm RAL2009 F- 2127,,72.2,5477.69,,24.40930968,,1762.352159,133706.6316,,,,
10/04/2019,Venta Calamina  0.35*1000mm RAL2009 F- 2148,,18,5459.69,,24.40930968,,439.3675743,133267.264,,,,
11/04/2019,Venta Calamina  0.35*1000mm RAL2009 F- 2151,,71.5,5388.19,,24.40930968,,1745.265642,131521.9983,,,,
17/04/2019,ANULADA F- 2159,,0,5388.19,,24.40930968,,0,131521.9983,,,,
17/04/2019,Venta Calamina  0.35*1000mm RAL2009 F-2160,,14.4,5373.79,,24.40930968,,351.4940594,131170.5043,,,,
18/04/2019,Venta Calamina  0.35*1000mm RAL2009 F- 2162,,10.8,5362.99,,24.40930968,,263.6205446,130906.8837,,,,
23/04/2019,Venta Calamina  0.35*1000mm RAL2009 F- 2167,,11,5351.99,,24.40930968,,268.5024065,130638.3813,,,,
24/04/2019,Venta Calamina  0.35*1000mm RAL2009 F- 2172,,85.5,5266.49,,24.40930968,,2086.995978,128551.3854,,,,
25/04/2019,Venta Calamina  0.35*1000mm RAL2009 F- 2174,,429.8,4836.69,,24.40930968,,10491.1213,118060.264,,,,
30/04/2019,Venta Calamina  0.35*1000mm RAL2009 F- 2179,,61.6,4775.09,,24.40930968,,1503.613476,116556.6506,,,,
10/05/2019,Venta Calamina  0.35*1000mm RAL2009 F- 2194,,46,4729.09,,24.40930968,,1122.828245,115433.8223,,,,
11/05/2019,Venta Calamina  0.35*1000mm RAL2009 F- 2198,,3,4726.09,,24.40930968,,73.22792905,115360.5944,,,,
11/05/2019,Venta Calamina  0.35*1000mm RAL2009 F- 2198,,12.5,4713.59,,24.40930968,,305.116371,115055.478,,,,
25/05/2019,Venta Calamina  0.35*1000mm RAL2009 F- 2219,,72,4641.59,,24.40930968,,1757.470297,113298.0077,,,,
28/05/2019,Venta Calamina  0.35*1000mm RAL2009 F- 2222,,4.17,4637.42,,24.40930968,,101.7868214,113196.2209,,,,
05/06/2019,Venta Calamina  0.35*1000mm RAL2009 F- 2238,,49.5,4587.92,,24.40930968,,1208.260829,111987.9601,,,,
28/06/2019,Venta Calamina  0.35*1000mm RAL2009 F- 2276,,3.2,4584.72,,24.40930968,,78.10979098,111909.8503,,,,
04/07/2019,ANULADA F- 2289,,0,4584.72,,24.40930968,,0,111909.8503,,,,
04/07/2019,Venta Calamina  0.35*1000mm RAL2009 F- 2290,,90,4494.72,,24.40930968,,2196.837871,109713.0124,,,,
19/07/2019,Venta Calamina  0.35*1000mm RAL2009 F- 2312,,14.8,4479.92,,24.40930968,,361.2577833,109351.7546,,,,
19/07/2019,Venta Calamina  0.35*1000mm RAL2009 F- 2313,,6.6,4473.32,,24.40930968,,161.1014439,109190.6532,,,,
01/08/2019,Venta Calamina  0.35*1000mm RAL2009 F- 2330,,15.2,4458.12,,24.40930968,,371.0215072,108819.6317,,,,
02/08/2019,Venta Calamina  0.35*1000mm RAL2009 F- 2331,,29.05,4429.07,,24.40930968,,709.0904463,108110.5412,,,,
10/08/2019,Venta Calamina  0.35*1000mm RAL2009 F- 2339,,1.5,4427.57,,24.40930968,,36.61396452,108073.9273,,,,
13/08/2019,ANULADA F- 2342,,0,4427.57,,24.40930968,,0,108073.9273,,,,
13/08/2019,Venta Calamina  0.35*1000mm RAL2009 F- 2343,,307.2,4120.37,,24.40930968,,7498.539935,100575.3873,,,,
15/08/2019,Venta Calamina  0.35*1000mm RAL2009 F- 2353,,10,4110.37,,24.40930968,,244.0930968,100331.2942,,,,
19/08/2019,Venta Calamina  0.35*1000mm RAL2009 F- 2359,,21,4089.37,,24.40930968,,512.5955033,99818.69874,,,,
20/08/2019,Venta Calamina  0.35*1000mm RAL2009 F- 2362,,188.4,3900.97,,24.40930968,,4598.713944,95219.98479,,,,
21/08/2019,Venta Calamina  0.35*1000mm RAL2009 F- 2366,,29.7,3871.27,,24.40930968,,724.9564976,94495.0283,,,,
21/08/2019,Venta Calamina  0.35*1000mm RAL2009 F- 2367,,70.8,3800.47,,24.40930968,,1728.179126,92766.84917,,,,
29/08/2019,Venta Calamina  0.35*1000mm RAL2009 F- 2384,,24.5,3775.97,,24.40930968,,598.0280872,92168.82108,,,,
05/09/2019,Venta Calamina  0.35*1000mm RAL2009 F- 2401,,20,3755.97,,24.40930968,,488.1861937,91680.63489,,,,
06/09/2019,Venta Calamina  0.35*1000mm RAL2009 F- 2404,,37.6,3718.37,,24.40930968,,917.7900441,90762.84485,,,,
06/09/2019,Venta Calamina  0.35*1000mm RAL2009 F- 2405,,4.6,3713.77,,24.40930968,,112.2828245,90650.56202,,,,
06/09/2019,Venta Calamina  0.35*1000mm RAL2009 F- 2406,,15,3698.77,,24.40930968,,366.1396452,90284.42238,,,,
14/09/2019,Venta Calamina  0.35*1000mm RAL2009 F- 2418,,46.2,3652.57,,24.40930968,,1127.710107,89156.71227,,,,
17/09/2019,Venta Calamina  0.35*1000mm RAL2009 F- 2420,,1.3,3651.27,,24.40930968,,31.73210259,89124.98017,,,,
17/09/2019,Venta Calamina  0.35*1000mm RAL2009 F- 2421,,93.55,3557.72,,24.40930968,,2283.490921,86841.48924,,,,
20/09/2019,ANULADA F- 2428,,0,3557.72,,24.40930968,,0,86841.48924,,,,
20/09/2019,ANULADA F- 2429,,0,3557.72,,24.40930968,,0,86841.48924,,,,
20/09/2019,ANULADA F-2430 ,,0,3557.72,,24.40930968,,0,86841.48924,,,,
25/09/2019,Venta Calamina  0.35*1000mm RAL2009 F-2442 ,,41.2,3516.52,,24.40930968,,1005.663559,85835.82569,,,,
02/10/2019,Venta Calamina  0.35*1000mm RAL2009 F- 2450,,25,3491.52,,24.40930968,,610.2327421,85225.59294,,,,
02/10/2019,Venta Calamina  0.35*1000mm RAL2009 F-2451 ,,195.6,3295.92,,24.40930968,,4774.460974,80451.13197,,,,
03/10/2019,Venta Calamina  0.35*1000mm RAL2009 F- 2457,,163.5,3132.42,,24.40930968,,3990.922133,76460.20984,,,,
04/10/2019,Venta Calamina  0.35*1000mm RAL2009 F- 2467,,5,3127.42,,24.40930968,,122.0465484,76338.16329,,,,
05/10/2019,Venta Calamina  0.35*1000mm RAL2009 F- 2468,,12,3115.42,,24.40930968,,292.9117162,76045.25157,,,,
05/10/2019,Venta Calamina  0.35*1000mm RAL2009 F- 2469,,6.5,3108.92,,24.40930968,,158.6605129,75886.59106,,,,
08/10/2019,Venta Calamina  0.35*1000mm RAL2009 F- 2478,,6.2,3102.72,,24.40930968,,151.33772,75735.25334,,,,
09/10/2019,Venta Calamina  0.35*1000mm RAL2009 F-2485 ,,31.5,3071.22,,24.40930968,,768.893255,74966.36008,,,,
10/10/2019,Venta Calamina  0.35*1000mm RAL2009 F- 2488,,8.4,3062.82,,24.40930968,,205.0382013,74761.32188,,,,
11/10/2019,Venta Calamina  0.35*1000mm RAL2009 F- 2492,,33.6,3029.22,,24.40930968,,820.1528053,73941.16908,,,,
14/10/2019,ANULADA  F- 2497,,0,3029.22,,24.40930968,,0,73941.16908,,,,
17/10/2019,Venta Calamina  0.35*1000mm RAL2009 F- 2502,,40,2989.22,,24.40930968,,976.3723873,72964.79669,,,,
19/10/2019,Venta Calamina  0.35*1000mm RAL2009 F- 2510,,8.8,2980.42,,24.40930968,,214.8019252,72749.99476,,,,
23/10/2019,ANULADA F- 2520,,0,2980.42,,24.40930968,,0,72749.99476,,,,
23/10/2019,Venta Calamina  0.35*1000mm RAL2009 F- 2521,,35.35,2945.07,,24.40930968,,862.8690973,71887.12567,,,,
26/10/2019,Venta Calamina  0.35*1000mm RAL2009 F- 2529,,54,2891.07,,24.40930968,,1318.102723,70569.02294,,,,
07/11/2019,Venta Calamina  0.35*1000mm RAL2009 F- 2540,,19.8,2871.27,,24.40930968,,483.3043317,70085.71861,,,,
08/11/2019,Venta Calamina  0.35*1000mm RAL2009 F- 2541,,91.7,2779.57,,24.40930968,,2238.333698,67847.38492,,,,
09/11/2019,Venta Calamina  0.35*1000mm RAL2009 F- 2543,,91.7,2687.87,,24.40930968,,2238.333698,65609.05122,,,,
12/11/2019,ANULADA F- 2544,,0,2687.87,,24.40930968,,0,65609.05122,,,,
13/11/2019,Venta Calamina  0.35*1000mm RAL2009 F- 2545,,121.93,2565.94,,24.40930968,,2976.22713,62632.82409,,,,
14/11/2019,Venta Calamina  0.35*1000mm RAL2009 F- 2547,,36,2529.94,,24.40930968,,878.7351486,61754.08894,,,,
18/11/2019,Venta Calamina  0.35*1000mm RAL2009 F- 2553,,235.6,2294.34,,24.40930968,,5750.833361,56003.25558,,,,
19/11/2019,ANULADA F- 2554,,0,2294.34,,24.40930968,,0,56003.25558,,,,
19/11/2019,ANULADA F- 2555,,0,2294.34,,24.40930968,,0,56003.25558,,,,
19/11/2019,Venta Calamina  0.35*1000mm RAL2009 F- 2556,,14.4,2279.94,,24.40930968,,351.4940594,55651.76152,,,,
23/11/2019,Venta Calamina  0.35*1000mm RAL2009 F- 2563,,21,2258.94,,24.40930968,,512.5955033,55139.16601,,,,
25/11/2019,Venta Calamina  0.35*1000mm RAL2009 F- 2566,,4.2,2254.74,,24.40930968,,102.5191007,55036.64691,,,,
26/11/2019,Venta Calamina  0.35*1000mm RAL2009 F- 2567,,9.3,2245.44,,24.40930968,,227.0065801,54809.64033,,,,
26/11/2019,Venta Calamina  0.35*1000mm RAL2009 F- 2569,,202.1,2043.34,,24.40930968,,4933.121487,49876.51885,,,,
28/11/2019,Venta Calamina  0.35*1000mm RAL2009 F- 2575,,61.6,1981.74,,24.40930968,,1503.613476,48372.90537,,,,
03/12/2019,Venta Calamina  0.35*1000mm RAL2009 F- 2597,,23.2,1958.54,,24.40930968,,566.2959846,47806.60939,,,,
05/12/2019,Venta Calamina  0.35*1000mm RAL2009 F- 2600,,51,1907.54,,24.40930968,,1244.874794,46561.73459,,,,
10/12/2019,Venta Calamina  0.35*1000mm RAL2009 F- 2603,,51.9,1855.64,,24.40930968,,1266.843173,45294.89142,,,,
10/12/2019,Venta Calamina  0.35*1000mm RAL2009 F- 2604,,298.8,1556.84,,24.40930968,,7293.501733,38001.38969,,,,
10/12/2019,Venta Calamina  0.35*1000mm RAL2009 F- 2605,,125.1,1431.74,,24.40930968,,3053.604641,34947.78505,,,,
10/12/2019,Venta Calamina  0.35*1000mm RAL2009 F- 2606,,57.91,1373.83,,24.40930968,,1413.543124,33534.24192,,,,
10/12/2019,Venta Calamina  0.35*1000mm RAL2009 F- 2607,,53.85,1319.98,,24.40930968,,1314.441326,32219.8006,,,,
02/01/2020,Venta Calamina  0.35*1000mm RAL2009 F- 2630,,73.6,1246.38,,24.41,,1796.53,30423.27,,,,
07/01/2020,Venta Calamina  0.35*1000mm RAL2009 F- 2641,,36,1210.38,,24.41,,878.74,29544.54,,,,
08/01/2020,Venta Calamina  0.35*1000mm RAL2009 F- 2646,,63,1147.38,,24.41,,1537.79,28006.75,,,,
10/01/2020,Venta Calamina  0.35*1000mm RAL2009 F- 2650,,9.25,1138.13,,24.41,,225.79,27780.97,,,,
14/01/2020,Venta Calamina  0.35*1000mm RAL2009 F- 2656,,18,1120.13,,24.41,,439.37,27341.6,,,,
17/01/2020,Venta Calamina  0.35*1000mm RAL2009 F- 2664,,16.1,1104.03,,24.41,,392.99,26948.61,,,,
20/01/2020,Venta Calamina  0.35*1000mm RAL2009 F- 2667,,16.8,1087.23,,24.41,,410.08,26538.53,,,,
23/01/2020,Venta Calamina  0.35*1000mm RAL2009 F- 2673,,7.7,1079.53,,24.41,,187.95,26350.58,,,,
25/01/2020,Venta Calamina  0.35*1000mm RAL2009 F- 2680,,63.75,1015.78,,24.41,,1556.09,24794.49,,,,
29/01/2020,Venta Calamina  0.35*1000mm RAL2009 F- 2689,,7,1008.78,,24.41,,170.87,24623.62,,,,
30/01/2020,Venta Calamina  0.35*1000mm RAL2009 F- 2690,,200.1,808.68,,24.41,,4884.3,19739.32,,,,
03/02/2020,Venta Calamina  0.35*1000mm RAL2009 F- 2697,,7.2,801.48,,24.41,,175.75,19563.57,,,,
10/02/2020,Venta Calamina  0.35*1000mm RAL2009 F- 2710,,107.75,693.73,,24.41,,2630.1,16933.47,,,,
20/02/2020,Venta Calamina  0.35*1000mm RAL2009 F- 2723,,34,659.73,,24.41,,829.92,16103.55,,,,
22/02/2020,Venta Calamina  0.35*1000mm RAL2009 F- 2731,,23.5,636.23,,24.41,,573.62,15529.93,,,,
28/02/2020,Venta Calamina  0.35*1000mm RAL2009 F- 2737,,81,555.23,,24.41,,1977.15,13552.78,,,,
29/02/2020,Venta Calamina  0.35*1000mm RAL2009 F- 2738,,55.2,500.03,,24.41,,1347.39,12205.39,,,,
07/03/2020,Venta Calamina  0.35*1000mm RAL2009 F- 2755,,211.05,288.98,,24.41,,5151.58,7053.8,,,,
10/03/2020,Venta Calamina  0.35*1000mm RAL2009 F- 2762,,183,105.98,,24.41,,4466.9,2586.9,,,,
16/03/2020,Venta Calamina  0.35*1000mm RAL2009 F- 2771,,25,80.98,,24.41,,610.23,1976.67,,,,
18/03/2020,Venta Calamina  0.35*1000mm RAL2009 F- 2776,,8.4,72.58,,24.41,,205.04,1771.63,,,,
10/06/2020,ANULADA F- 2800,,0,72.58,,24.41,,0,1771.63,,,,
16/06/2020,Venta Calamina  0.35*1000mm RAL2009 F- 2809,,12.6,59.98,,24.41,,307.56,1464.07,,,,
17/06/2020,Venta Calamina  0.35*1000mm RAL2009 F- 2813,,7.8,52.18,,24.41,,190.39,1273.68,,,,
26/06/2020,Compra DUI C-11796,7718.64,,7770.82,20.64,,159338.65,,160612.33,,,,
18/06/2020,Venta Calamina  0.35*1000mm RAL2009 F- 2815,,112.4,7658.42,,20.67,,2323.16,158289.17,,,,
18/06/2020,Venta Calamina  0.35*1000mm RAL2009 F- 2816,,32,7626.42,,20.67,,661.4,157627.78,,,,
24/06/2020,Venta Calamina  0.35*1000mm RAL2009 F- 2823,,5.3,7621.12,,20.67,,109.54,157518.23,,,,
25/06/2020,Venta Calamina  0.35*1000mm RAL2009 F- 2825,,103.3,7517.82,,20.67,,2135.07,155383.16,,,,
25/06/2020,Venta Calamina  0.35*1000mm RAL2009 F- 2826,,0.67,7517.15,,20.67,,13.85,155369.31,,,,
17/08/2020,Venta Calamina  0.35*1000mm RAL2009 F- 2965,,24,7493.15,,20.67,,496.05,154873.26,,,,
21/08/2020,Venta Calamina  0.35*1000mm RAL2009 F- 2972,,64.2,7428.95,,20.67,,1326.93,153546.34,,,,
26/08/2020,Venta Calamina  0.35*1000mm RAL2009 F- 2977,,5.4,7423.55,,20.67,,111.61,153434.73,,,,
12/09/2020,Venta Calamina  0.35*1000mm RAL2009 F- 2999,,4.8,7418.75,,20.67,,99.21,153335.52,,,,
18/09/2020,Venta Calamina  0.35*1000mm RAL2009 F- 3002,,62,7356.75,,20.67,,1281.46,152054.06,,,,
26/09/2020,Venta Calamina  0.35*1000mm RAL2009 F- 3013,,51.5,7305.25,,20.67,,1064.44,150989.63,,,,
07/10/2020,Venta Calamina  0.35*1000mm RAL2009 F- 3026,,59.4,7245.85,,20.67,,1227.72,149761.91,,,,
12/10/2020,Venta Calamina  0.35*1000mm RAL2009 F- 3036,,6.5,7239.35,,20.67,,134.35,149627.56,,,,
17/10/2020,Venta Calamina  0.35*1000mm RAL2009 F- 3053,,3.25,7236.1,,20.67,,67.17,149560.39,,,,
05/11/2020,Venta Calamina  0.35*1000mm RAL2009 F- 3075,,155.2,7080.9,,20.67,,3207.77,146352.62,,,,
16/11/2020,Venta Calamina  0.35*1000mm RAL2009 F- 3090,,14.25,7066.65,,20.67,,294.53,146058.09,,,,
24/11/2020,ANULADA F- 3096,,0,7066.65,,20.67,,0,146058.09,,,,
03/12/2020,Venta Calamina  0.35*1000mm RAL2009 F- 3117,,25,7041.65,,20.67,,516.72,145541.37,,,,
04/12/2020,Venta Calamina  0.35*1000mm RAL2009 F- 3119,,13.1,7028.55,,20.67,,270.76,145270.61,,,,
04/12/2020,Venta Calamina  0.35*1000mm RAL2009 F- 3120,,52.65,6975.9,,20.67,,1088.2,144182.41,,,,
01/01/2021,Kardex - Inventario Inicial,12736.42,,12736.42,20.6433574,,262922.47,,262922.47,,,,
09/01/2021,12 - Venta s/g F-12,,10.08,12726.34,,20.6433574,,208.0850425,262714.385,,,,
09/01/2021,12 - Venta s/g F-12,,11.55,12714.79,,20.6433574,,238.4307779,262475.9542,,,,
09/01/2021,12 - Venta s/g F-12,,24.57,12690.22,,20.6433574,,507.2072912,261968.7469,,,,
22/01/2021,31 - Venta s/g F-31,,24.675,12665.545,,20.6433574,,509.3748437,261459.372,,,,
22/01/2021,33 - Venta s/g F-33,,4.935,12660.61,,20.6433574,,101.8749687,261357.4971,,,,
26/01/2021,39 - Venta s/g F-39,,31.1325,12629.4775,,20.6433574,,642.6793241,260714.8178,,,,
20/03/2021,78 - Venta s/g F-78,,29.4,12600.0775,,20.6433574,,606.9147074,260107.903,,,,
21/04/2021,93 - Venta s/g F-93,,155.925,12444.1525,,20.6433574,,3218.815502,256889.0875,,,,
23/04/2021,95 - venta s/g F-95,,340.1685,12103.984,,20.6433574,,7022.21992,249866.8676,,,,
30/04/2021,101 - Venta s/g F-101,,2.1,12101.884,,20.6433574,,43.35105053,249823.5166,,,,
11/05/2021,107 - Venta F-107,,63.315,12038.569,,20.6433574,,1307.034174,248516.4824,,,,
11/05/2021,107 - Venta F-107,,14.175,12024.394,,20.6433574,,292.6195911,248223.8628,,,,
13/05/2021,110 - Venta F-110,,0.525,12023.869,,20.6433574,,10.83776263,248213.025,,,,
13/05/2021,112 - Venta F-112,,18.375,"12,005.49",,20.64,,379.32,247833.7034,,,,
31/05/2021,121 - Venta F-121,,84.21,11921.284,,20.6433574,,1738.377126,246095.3262,,,,
31/05/2021,122 - Venta F-122,,238.35,11682.934,,20.6433574,,4920.344235,241174.982,,,,
02/06/2021,129 - Venta F-129,,67.368,11615.566,,20.6433574,,1390.701701,239784.2803,,,,
02/06/2021,130 - Venta F-130,,107.1,11508.466,,20.6433574,,2210.903577,237573.3767,,,,
19/07/2021,221 - Venta F-221,,150.15,11358.316,,20.6433574,,3099.600113,234473.7766,,,,
04/08/2021,231 - Venta F-231,,46.305,11312.011,,20.6433574,,955.8906642,233517.8859,,,,
02/09/2021,244 - Venta F-244,,5.25,11306.761,,20.6433574,,108.3776263,233409.5083,,,,
30/09/2021,269 - Venta F-269,,38.22,11268.541,,20.6433574,,788.9891197,232620.5192,,,,
06/10/2021,271 - Venta F-271,,85.68,11182.861,,20.6433574,,1768.722862,230851.7963,,,,
20/10/2021,288 - Venta F- 288,,6.3,11176.561,,20.6433574,,130.0531516,230721.7432,,,,
20/10/2021,288 - Venta F- 288,,110.565,11065.996,,20.6433574,,2282.43281,228439.3104,,,,
09/11/2021,310 - Venta Anulada F-310,,0,11065.996,,20.6433574,,0,228439.3104,,,,
10/11/2021,314 - Venta F-314,,102.375,10963.621,,20.6433574,,2113.363713,226325.9467,,,,
10/11/2021,315 - Venta  Anulada F-315,,0,10963.621,,20.6433574,,0,226325.9467,,,,
10/11/2021,316 - Venta F-316,,630,10333.621,,20.6433574,,13005.31516,213320.6315,,,,
10/11/2021,317 - Venta F-317,,525,9808.621,,20.6433574,,10837.76263,202482.8689,,,,
27/11/2021,339 - Venta F-339,,30.744,9777.877,,20.6433574,,634.6593798,201848.2095,,,,
06/12/2021,352 - Venta F-352,,4.2,9773.677,,20.6433574,,86.70210106,201761.5074,,,,
06/12/2021,352 - Venta F-352,,53.55,9720.127,,20.6433574,,1105.451789,200656.0556,,,,
11/12/2021,363 - Venta F-363,,168,9552.127,,20.6433574,,3468.084042,197187.9715,,,,
17/12/2021,370 - Venta F-370,,17.4405,9534.6865,,20.6433574,,360.0304747,196827.9411,,,,
18/12/2021,371 - Venta F-371,,144.228,9390.4585,,20.6433574,,2977.35015,193850.5909,,,,
22/12/2021,384 - Venta F-384,,8.4,9382.0585,,20.6433574,,173.4042021,193677.1867,,,,
27/12/2021,387 - Venta 387,,32.13,9349.9285,,20.6433574,,663.2710731,193013.9156,,,,
27/12/2021,389 - Venta F-389,,12.6,9337.3285,,20.6433574,,260.1063032,192753.8093,,,,
28/12/2021,390 - Venta F-390,,8.4,9328.9285,,20.6433574,,173.4042021,192580.4051,,,,
30/12/2021,401 - Venta F-401,,10.08,9318.8485,,20.6433574,,208.0850425,192372.3201,,,,
30/12/2021,403 - Venta F-403,,28.1925,9290.656,,20.6433574,,581.9878534,191790.3322,,,,
18/01/2022,422 - Venta F-422,0,197.09,"9,093.58",,20.64,0,"4,067.83","187,722.50",,,,
19/01/2022,424 - venta F-424,0,19.43,"9,074.15",,20.64,0,400.93,"187,321.56",,,,
21/01/2022,427 - Venta F-427,0,56.18,"9,017.98",,20.64,0,"1,159.45","186,162.11",,,,
26/01/2022,431 - Venta F-431,0,59.22,"8,958.76",,20.64,0,"1,222.30","184,939.81",,,,
28/01/2022,434 - Venta F-434,0,22.26,"8,936.50",,20.64,0,459.45,"184,480.36",,,,
08/02/2022,443 - Venta F-443,0,47.88,"8,888.62",,20.64,0,988.24,"183,492.12",,,,
11/02/2022,444 - Venta F-444,0,14.28,"8,874.34",,20.64,0,294.74,"183,197.38",,,,
15/02/2022,447 - venta F-447,0,36.75,"8,837.59",,20.64,0,758.52,"182,438.86",,,,
03/03/2022,462 - Venta F-462,0,293.79,"8,543.80",,20.64,0,"6,063.83","176,375.04",,,,
12/03/2022,472 - Venta F--472,0,42.53,"8,501.27",,20.64,0,877.72,"175,497.32",,,,
12/03/2022,472 - Venta F--472,0,4.2,"8,497.07",,20.64,0,86.69,"175,410.63",,,,
17/03/2022,481 - Venta F-481,0,19.95,"8,477.12",,20.64,0,411.77,"174,998.86",,,,
18/03/2022,483 - Venta F-483,0,6.3,"8,470.82",,20.64,0,130.03,"174,868.83",,,,
18/03/2022,483 - Venta F-483,0,197.65,"8,273.17",,20.64,0,"4,079.54","170,789.30",,,,
21/03/2022,485 - Venta F-485,0,71.82,"8,201.35",,20.64,0,"1,482.36","169,306.93",,,,
23/03/2022,490 - Venta F-490,0,1.58,"8,199.77",,20.64,0,32.51,"169,274.42",,,,
23/03/2022,491 - Venta F-491,0,40.92,"8,158.85",,20.64,0,844.56,"168,429.86",,,,
25/03/2022,492 - Venta F-492,0,6.3,"8,152.55",,20.64,0,130.03,"168,299.83",,,,
25/03/2022,493 - Venta F-493,0,34.86,"8,117.69",,20.64,0,719.51,"167,580.32",,,,
26/03/2022,496 - Venta F-496,0,236.25,"7,881.44",,20.64,0,"4,876.20","162,704.12",,,,
26/03/2022,500 - Venta F-500,0,79.8,"7,801.64",,20.64,0,"1,647.07","161,057.05",,,,
29/03/2022,4 - Venta F-4,0,139.23,"7,662.41",,20.64,0,"2,873.71","158,183.34",,,,
01/04/2022,7 - Venta F-7,0,4.52,"7,657.90",,20.64,0,93.19,"158,090.15",,,,
08/04/2022,12 - Venta F-12,0,74.76,"7,583.14",,20.64,0,"1,543.05","156,547.11",,,,
12/04/2022,13 - Venta F-13,0,3.15,"7,579.99",,20.64,0,65.02,"156,482.09",,,,
12/04/2022,15 - Venta F-15,0,22.05,"7,557.94",,20.64,0,455.11,"156,026.98",,,,
13/04/2022,17 - Venta F-17,0,79.82,"7,478.12",,20.64,0,"1,647.51","154,379.47",,,,
23/04/2022,32 - Venta F-32,0,72.54,"7,405.57",,20.64,0,"1,497.32","152,882.15",,,,
27/04/2022,38 - Venta F-38,0,68.68,"7,336.89",,20.64,0,"1,417.57","151,464.59",,,,
28/04/2022,39 - Venta F-39,0,250.1,"7,086.79",,20.64,0,"5,162.05","146,302.54",,,,
30/04/2022,41 - Venta F-41,0,16.8,"7,069.99",,20.64,0,346.75,"145,955.78",,,,
30/04/2022,42 - Venta F-42,0,37.33,"7,032.67",,20.64,0,770.44,"145,185.34",,,,
09/05/2022,45 - Venta F-45,0,3.68,"7,028.99",,20.64,0,75.85,"145,109.49",,,,
06/06/2022,59 - Venta F-59,0,63,"6,965.99",,20.64,0,"1,300.32","143,809.17",,,,
06/06/2022,60 - Venta F-60,0,7.35,"6,958.64",,20.64,0,151.7,"143,657.47",,,,
10/06/2022,62 - Venta F-62,0,43.47,"6,915.17",,20.64,0,897.22,"142,760.25",,,,
11/06/2022,64 - Venta F-64,0,174.72,"6,740.45",,20.64,0,"3,606.22","139,154.03",,,,
15/06/2022,70 - Venta F-70,0,89.25,"6,651.20",,20.64,0,"1,842.12","137,311.91",,,,
22/06/2022,79 - Venta F-79,0,143.48,"6,507.72",,20.64,0,"2,961.48","134,350.43",,,,
22/06/2022,79 - Venta F-79,0,4.73,"6,502.99",,20.64,0,97.52,"134,252.90",,,,
13/07/2022,94 - Venta F-94,0,6.83,"6,496.17",,20.64,0,140.87,"134,112.04",,,,
14/07/2022,95 - Venta F-95,0,36.75,"6,459.42",,20.64,0,758.52,"133,353.52",,,,
14/07/2022,96 - Venta F-96,0,2.1,"6,457.32",,20.64,0,43.34,"133,310.17",,,,
15/07/2022,98 - Venta F-98,0,56.83,"6,400.49",,20.64,0,"1,172.89","132,137.28",,,,
19/07/2022,103 - Venta F-103,0,3.15,"6,397.34",,20.64,0,65.02,"132,072.27",,,,
21/07/2022,105 - Venta F-105,0,30.32,"6,367.02",,20.64,0,625.89,"131,446.38",,,,
27/07/2022,113 - Venta F-113,0,109.2,"6,257.82",,20.64,0,"2,253.89","129,192.49",,,,
28/07/2022,114 - Venta F-114,0,59.33,"6,198.49",,20.64,0,"1,224.47","127,968.02",,,,
12/08/2022,122 - Venta F-122,0,39.48,"6,159.01",,20.64,0,814.87,"127,153.16",,,,
31/08/2022,131 - Venta F-131,0,63,"6,096.01",,20.64,0,"1,300.32","125,852.84",,,,
08/09/2022,137 - Venta F-137,0,83.62,"6,012.39",,20.64,0,"1,725.96","124,126.88",,,,
13/09/2022,140 - Venta F-140,0,99.23,"5,913.17",,20.64,0,"2,048.00","122,078.87",,,,
13/09/2022,144 - Venta  F-144,0,129.15,"5,784.02",,20.64,0,"2,665.66","119,413.22",,,,
26/09/2022,205 - Venta F-205,0,22.79,"5,761.23",,20.64,0,470.28,"118,942.94",,,,
01/10/2022,210 - Venta F-210,0,29.93,"5,731.31",,20.64,0,617.65,"118,325.28",,,,
08/10/2022,213 - Venta F-213,0,66.78,"5,664.53",,20.64,0,"1,378.34","116,946.94",,,,
21/10/2022,222 - Venta F-222,0,45.93,"5,618.60",,20.64,0,947.93,"115,999.01",,,,
05/11/2022,234 - Venta F-234,0,11.03,"5,607.58",,20.64,0,227.56,"115,771.46",,,,
07/11/2022,242 - Venta F-242,0,3.78,"5,603.80",,20.64,0,78.02,"115,693.44",,,,
14/11/2022,252 - Venta F-252,0,129.15,"5,474.65",,20.64,0,"2,665.66","113,027.78",,,,
16/11/2022,254 - Venta F-254,0,3.15,"5,471.50",,20.64,0,65.02,"112,962.76",,,,
16/11/2022,254 - Venta F-254,0,67.94,"5,403.56",,20.64,0,"1,402.18","111,560.59",,,,
22/11/2022,270 - Venta F-270,0,31.5,"5,372.06",,20.64,0,650.16,"110,910.43",,,,
22/11/2022,271 - Venta F-271,0,36.23,"5,335.84",,20.64,0,747.68,"110,162.74",,,,
24/11/2022,272 - Venta F-272,0,23.94,"5,311.90",,20.64,0,494.12,"109,668.62",,,,
25/11/2022,274 - Venta F-274,0,49.14,"5,262.76",,20.64,0,"1,014.25","108,654.37",,,,
28/11/2022,277 - venta F-277,0,125.69,"5,137.07",,20.64,0,"2,594.14","106,060.23",,,,
29/11/2022,278 - Venta F-278,0,5.46,"5,131.61",,20.64,0,112.69,"105,947.54",,,,
02/12/2022,280 - Venta F-280,0,18.9,"5,112.71",,20.64,0,390.1,"105,557.44",,,,
08/12/2022,285 - Venta F-285,0,8.93,"5,103.79",,20.64,0,184.21,"105,373.23",,,,
09/12/2022,286 - Venta F-286,0,64.26,"5,039.53",,20.64,0,"1,326.33","104,046.90",,,,
13/12/2022,290 - Venta F-290,0,16.8,"5,022.73",,20.64,0,346.75,"103,700.15",,,,
19/12/2022,298 - Venta F-298,0,9.71,"5,013.01",,20.64,0,200.47,"103,499.69",,,,
22/12/2022,302 - Venta F-302,0,12.29,"5,000.73",,20.64,0,253.56,"103,246.12",,,,
22/12/2022,304 - Venta F-304,0,51.4,"4,949.33",,20.64,0,"1,060.84","102,185.28",,,,
23/12/2022,307 - Venta F-307,0,65.52,"4,883.81",,20.64,0,"1,352.33","100,832.95",,,,
30/12/2022,314 - Venta F-314,0,259.4,"4,624.41",,20.64,0,5354.016,"95,478.93",,,,
